Channel ID,Channel URL,Channel title
UC-Hm8vtPdB9DDVFEOJMwBzg,https://www.youtube.com/channel/UC-Hm8vtPdB9DDVFEOJMwBzg,"Tamil cinema"
UC-J-KZfRV8c13fOCkhXdLiQ,https://www.youtube.com/channel/UC-J-KZfRV8c13fOCkhXdLiQ,"Dua Lipa"
UC-Lq6oBPTgTXT_K-ylWL6hg,https://www.youtube.com/channel/UC-Lq6oBPTgTXT_K-ylWL6hg,"Food Lovers TV"
UC-VPf3yXgkbjH6PFKQBblYg,https://www.youtube.com/channel/UC-VPf3yXgkbjH6PFKQBblYg,"Saikiran"
UC0QHWhjbe5fGJEPz3sVb6nw,https://www.youtube.com/channel/UC0QHWhjbe5fGJEPz3sVb6nw,"Doctor Mike"
UC0SFbdQ2CaYrMtSnJ3-B11A,https://www.youtube.com/channel/UC0SFbdQ2CaYrMtSnJ3-B11A,"Sailor Maruthi"
UC131rygtER0Lm1t_QFNQKZA,https://www.youtube.com/channel/UC131rygtER0Lm1t_QFNQKZA,"Video Tech Explained"
UC1GCDa65yQ2juOaNmtQvr2A,https://www.youtube.com/channel/UC1GCDa65yQ2juOaNmtQvr2A,"sivasri manikandasivam"
UC1cbIS7V40JbAoLZ7t_27_A,https://www.youtube.com/channel/UC1cbIS7V40JbAoLZ7t_27_A,"Indian Couple Truck Driver"
UC22BdTgxefuvUivrjesETjg,https://www.youtube.com/channel/UC22BdTgxefuvUivrjesETjg,"History Matters"
UC2MrBc99_fYgkel3nHOvIKA,https://www.youtube.com/channel/UC2MrBc99_fYgkel3nHOvIKA,"Lise Leblanc"
UC2V6wM7IgTdB2SZjTN9W1jw,https://www.youtube.com/channel/UC2V6wM7IgTdB2SZjTN9W1jw,"Shivangi Singh"
UC2wdo5vU7bPBNzyC2nnwmNQ,https://www.youtube.com/channel/UC2wdo5vU7bPBNzyC2nnwmNQ,"Cutting Edge Engineering Australia"
UC3XTzVzaHQEd30rQbuvCtTQ,https://www.youtube.com/channel/UC3XTzVzaHQEd30rQbuvCtTQ,"LastWeekTonight"
UC3rFZoOXU31LOQZc5hznamA,https://www.youtube.com/channel/UC3rFZoOXU31LOQZc5hznamA,"RajBhuv Vlogs"
UC4-GrpQBx6WCGwmwozP744Q,https://www.youtube.com/channel/UC4-GrpQBx6WCGwmwozP744Q,"USENIX"
UC4GV1pS9ZY6lqNzCZFdVcog,https://www.youtube.com/channel/UC4GV1pS9ZY6lqNzCZFdVcog,"Valmafra Lenande"
UC4nDpH0XZtlk0kXr11G_cHQ,https://www.youtube.com/channel/UC4nDpH0XZtlk0kXr11G_cHQ,"Srirangam Ravi"
UC55S3Sz4k505P8o5YrCgAYA,https://www.youtube.com/channel/UC55S3Sz4k505P8o5YrCgAYA,"Trip Bitten"
UC5HJaVyYgo7WPCvIBchRBzQ,https://www.youtube.com/channel/UC5HJaVyYgo7WPCvIBchRBzQ,"The Problem With Jon Stewart"
UC5NOEUbkLheQcaaRldYW5GA,https://www.youtube.com/channel/UC5NOEUbkLheQcaaRldYW5GA,"tagesschau"
UC5Va8SDMp-yviytKMh9YaNQ,https://www.youtube.com/channel/UC5Va8SDMp-yviytKMh9YaNQ,"Touring Talkies"
UC5ebo42ydvAayGn2Z4Lf9XA,https://www.youtube.com/channel/UC5ebo42ydvAayGn2Z4Lf9XA,"Uncut"
UC6DFoiqfqhCbU6fElNI9sFg,https://www.youtube.com/channel/UC6DFoiqfqhCbU6fElNI9sFg,"Lokführer Marcel"
UC77FGFu9_FM3Cdzldbfa8Aw,https://www.youtube.com/channel/UC77FGFu9_FM3Cdzldbfa8Aw,"Michael Raj"
UC7IcJI8PUf5Z3zKxnZvTBog,https://www.youtube.com/channel/UC7IcJI8PUf5Z3zKxnZvTBog,"The School of Life"
UC7JNNXRfLWcDv1a6msdRfJQ,https://www.youtube.com/channel/UC7JNNXRfLWcDv1a6msdRfJQ,"HR Travel"
UC7_gcs09iThXybpVgjHZ_7g,https://www.youtube.com/channel/UC7_gcs09iThXybpVgjHZ_7g,"PBS Space Time"
UC7k9wdrNtKrCY7L6TriAjXA,https://www.youtube.com/channel/UC7k9wdrNtKrCY7L6TriAjXA,"Media Circle"
UC81BxUCw12jtyvdyv6Hxh-g,https://www.youtube.com/channel/UC81BxUCw12jtyvdyv6Hxh-g,"Chief MAKOi"
UC87t3AtgLCHKE4E9C6tIywQ,https://www.youtube.com/channel/UC87t3AtgLCHKE4E9C6tIywQ,"With love vj lilly"
UC8CLThsPAiYDWo4emAoaWbQ,https://www.youtube.com/channel/UC8CLThsPAiYDWo4emAoaWbQ,"Moviecaps"
UC8Lt51rjGS_RbGQsta-xiEQ,https://www.youtube.com/channel/UC8Lt51rjGS_RbGQsta-xiEQ,"Nishant Suri"
UC8_aMwsn53tncdH-5iLu8-w,https://www.youtube.com/channel/UC8_aMwsn53tncdH-5iLu8-w,"Empty Hand"
UC8uj-UFGDzAx3RfPzeRqnyA,https://www.youtube.com/channel/UC8uj-UFGDzAx3RfPzeRqnyA,"Finshots TV"
UC9Kq-yEt1iYsbUzNOoIRK0g,https://www.youtube.com/channel/UC9Kq-yEt1iYsbUzNOoIRK0g,"Pitch Meeting"
UC9Ta8RQydQwHdFwzYt9cnYg,https://www.youtube.com/channel/UC9Ta8RQydQwHdFwzYt9cnYg,"Mock The Week"
UC9k-yiEpRHMNVOnOi_aQK8w,https://www.youtube.com/channel/UC9k-yiEpRHMNVOnOi_aQK8w,"Inside Edition"
UC9x0AN7BWHpCDHSm9NiJFJQ,https://www.youtube.com/channel/UC9x0AN7BWHpCDHSm9NiJFJQ,"NetworkChuck"
UCAOTrwBpQ3EKerwAYaBpKVA,https://www.youtube.com/channel/UCAOTrwBpQ3EKerwAYaBpKVA,"Sejal Bhat"
UCAPPN8EK6NSxON6wyBdt0_Q,https://www.youtube.com/channel/UCAPPN8EK6NSxON6wyBdt0_Q,"FWF - Fun with Fabby"
UCAVu1MQpo8u08Lv_4V4AmGA,https://www.youtube.com/channel/UCAVu1MQpo8u08Lv_4V4AmGA,"Sanghmitra mishra"
UCAYum5hCyfkSH5T3vSD_kwQ,https://www.youtube.com/channel/UCAYum5hCyfkSH5T3vSD_kwQ,"Aakash Gupta"
UCBHQPOr6BE3-G90a9wB1J3g,https://www.youtube.com/channel/UCBHQPOr6BE3-G90a9wB1J3g,"Priya Sharma"
UCBJycsmduvYEL83R_U4JriQ,https://www.youtube.com/channel/UCBJycsmduvYEL83R_U4JriQ,"Marques Brownlee"
UCBeZYVlqOeSSlrBSXl4aTig,https://www.youtube.com/channel/UCBeZYVlqOeSSlrBSXl4aTig,"Pilot Debrief"
UCBzai1GXVKDdVCrwlKZg_6Q,https://www.youtube.com/channel/UCBzai1GXVKDdVCrwlKZg_6Q,"PULS Reportage"
UCC4-ZaL0W1R-8MQjKQOujhg,https://www.youtube.com/channel/UCC4-ZaL0W1R-8MQjKQOujhg,"BsianTech"
UCCMUnWvJyTEUunnygpTGfow,https://www.youtube.com/channel/UCCMUnWvJyTEUunnygpTGfow,"Araathi"
UCClfsa2ZA60lfFBSEgs2_Lg,https://www.youtube.com/channel/UCClfsa2ZA60lfFBSEgs2_Lg,"Niv Prakasam"
UCCljzsYpepeNeY-nKPBKnhA,https://www.youtube.com/channel/UCCljzsYpepeNeY-nKPBKnhA,"Hessischer Rundfunk"
UCD1OW2T_f7G6UK-uceKTZwQ,https://www.youtube.com/channel/UCD1OW2T_f7G6UK-uceKTZwQ,"Shubham Kumar"
UCDUF0xHdhKQiw27LVjCpTPg,https://www.youtube.com/channel/UCDUF0xHdhKQiw27LVjCpTPg,"Ungal K.Bhagyaraj"
UCEF-9XhkdyFY0hMRUkmxXfQ,https://www.youtube.com/channel/UCEF-9XhkdyFY0hMRUkmxXfQ,"Simply Aviation"
UCEIs9nkveW9WmYtsOcJBwTg,https://www.youtube.com/channel/UCEIs9nkveW9WmYtsOcJBwTg,"Itchy Boots"
UCEX7TpIRNwShRAwoqVWpIrA,https://www.youtube.com/channel/UCEX7TpIRNwShRAwoqVWpIrA,"A-Graha Mom & Co."
UCErmMCK1sHF-kCtyHpuSXtQ,https://www.youtube.com/channel/UCErmMCK1sHF-kCtyHpuSXtQ,"Kermode and Mayo's Take"
UCFKq_VD6reTowxp4-GB38-Q,https://www.youtube.com/channel/UCFKq_VD6reTowxp4-GB38-Q,"Soundtrackfind"
UCFLFc8Lpbwt4jPtY1_Ai5yA,https://www.youtube.com/channel/UCFLFc8Lpbwt4jPtY1_Ai5yA,"LMGClips"
UCFZO6aPugMrZjUOobX7IQDA,https://www.youtube.com/channel/UCFZO6aPugMrZjUOobX7IQDA,"WILTY? Nope!"
UCFiaXibzc1HgY3YoNM3cTtA,https://www.youtube.com/channel/UCFiaXibzc1HgY3YoNM3cTtA,"All Time Hit Comedy"
UCG0m9a2z1ziRm2YlaFuyU7A,https://www.youtube.com/channel/UCG0m9a2z1ziRm2YlaFuyU7A,"Today Trending"
UCGYKS7rPl7l4SC9nYf2Ofzg,https://www.youtube.com/channel/UCGYKS7rPl7l4SC9nYf2Ofzg,"Kanupriya Gupta"
UCGmFvH5bL4sUerU76Nr2f8A,https://www.youtube.com/channel/UCGmFvH5bL4sUerU76Nr2f8A,"Dragos Comedy"
UCGt7X90Au6BV8rf49BiM6Dg,https://www.youtube.com/channel/UCGt7X90Au6BV8rf49BiM6Dg,"Ray William Johnson"
UCHbY35okKDb17vWDmCqjicA,https://www.youtube.com/channel/UCHbY35okKDb17vWDmCqjicA,"LaptopLiebe"
UCHojWKnC2iljNPxKIVleOcg,https://www.youtube.com/channel/UCHojWKnC2iljNPxKIVleOcg,"Pep Talk "
UCJ6yMbprj-ZNJU0oguntg0w,https://www.youtube.com/channel/UCJ6yMbprj-ZNJU0oguntg0w,"Bldg18 Comedy Club"
UCJAWXtmA7f0azO1_uvO-HlA,https://www.youtube.com/channel/UCJAWXtmA7f0azO1_uvO-HlA,"Perfect Gadget"
UCJNgMVaiBmD2W701dALL9Iw,https://www.youtube.com/channel/UCJNgMVaiBmD2W701dALL9Iw,"Dr. Chris Raynor | Not Your Everyday Ortho"
UCKgAaCGmyCRKgMZD0LBvMNA,https://www.youtube.com/channel/UCKgAaCGmyCRKgMZD0LBvMNA,"Appurv Gupta"
UCLCS7G_8YXULfDSR5ZqB5fg,https://www.youtube.com/channel/UCLCS7G_8YXULfDSR5ZqB5fg,"Madhuri Desai"
UCLhvidUffW8vSUclD7kfrGg,https://www.youtube.com/channel/UCLhvidUffW8vSUclD7kfrGg,"SBS Insight"
UCM-yUTYGmrNvKOCcAl21g3w,https://www.youtube.com/channel/UCM-yUTYGmrNvKOCcAl21g3w,"Jenny's Lectures CS IT"
UCMOqf8ab-42UUQIdVoKwjlQ,https://www.youtube.com/channel/UCMOqf8ab-42UUQIdVoKwjlQ,"Practical Engineering"
UCMUyG01MXNeiTykIlvWwIRQ,https://www.youtube.com/channel/UCMUyG01MXNeiTykIlvWwIRQ,"JJJacksfilms"
UCMpRIJ20nlhdTrTSgGGO6Og,https://www.youtube.com/channel/UCMpRIJ20nlhdTrTSgGGO6Og,"Reems Dreamz"
UCNCktfoFAXtXnMlhjyc9SPA,https://www.youtube.com/channel/UCNCktfoFAXtXnMlhjyc9SPA,"tomatolix"
UCNIuvl7V8zACPpTmmNIqP2A,https://www.youtube.com/channel/UCNIuvl7V8zACPpTmmNIqP2A,"OverSimplified"
UCNZ14yvsAK-MESWEDVluayw,https://www.youtube.com/channel/UCNZ14yvsAK-MESWEDVluayw,"Biriyani and Coke"
UCNqA44cRILQDwm9MG0vV-Og,https://www.youtube.com/channel/UCNqA44cRILQDwm9MG0vV-Og,"Rahul Dua"
UCNrdIlwksTaYnA8Kuek45DA,https://www.youtube.com/channel/UCNrdIlwksTaYnA8Kuek45DA,"Erwann Kerroc'h - Film & Video Editor"
UCNyUPYGJ1sOICypq6bEFfig,https://www.youtube.com/channel/UCNyUPYGJ1sOICypq6bEFfig,"DD_atrocities"
UCO7dBj4bwaDOMoX-kKYF2Ww,https://www.youtube.com/channel/UCO7dBj4bwaDOMoX-kKYF2Ww,"Atozy"
UCOrX5lJydYtuQ8hIdIShkIA,https://www.youtube.com/channel/UCOrX5lJydYtuQ8hIdIShkIA,"Srinidhi & Nithyasri "
UCP4k407eomZThGHo_9sgMkg,https://www.youtube.com/channel/UCP4k407eomZThGHo_9sgMkg,"Dr Pal"
UCP5tjEmvPItGyLhmjdwP7Ww,https://www.youtube.com/channel/UCP5tjEmvPItGyLhmjdwP7Ww,"RealLifeLore"
UCPF0CtxVDiE3lPxAPJhdSsQ,https://www.youtube.com/channel/UCPF0CtxVDiE3lPxAPJhdSsQ,"Sleeping with History"
UCPSx50w7WavmAXmYowlhNWQ,https://www.youtube.com/channel/UCPSx50w7WavmAXmYowlhNWQ,"TAKASHii"
UCPg__zM9MzjNjDyyjTDr7ZQ,https://www.youtube.com/channel/UCPg__zM9MzjNjDyyjTDr7ZQ,"Alan Arnette"
UCQCv_bxOPqD5jhfEw_t3SsA,https://www.youtube.com/channel/UCQCv_bxOPqD5jhfEw_t3SsA,"Liz Webster #SaveBritishFarming"
UCQO62IAzkL8MdezI-FIVJqA,https://www.youtube.com/channel/UCQO62IAzkL8MdezI-FIVJqA,"Sam Riya"
UCRsPEXICDADAAbyhcs6L3lQ,https://www.youtube.com/channel/UCRsPEXICDADAAbyhcs6L3lQ,"Aishwarya Mohanraj"
UCRyty2RF5SbBbM7M-32BWOg,https://www.youtube.com/channel/UCRyty2RF5SbBbM7M-32BWOg,"Cruising As Crew"
UCSDpELfYWHUYXyy3lX2TbPQ,https://www.youtube.com/channel/UCSDpELfYWHUYXyy3lX2TbPQ,"Gurleen Pannu Fan"
UCSSkyU4QuH0WldmaGfJzzTQ,https://www.youtube.com/channel/UCSSkyU4QuH0WldmaGfJzzTQ,"Deepa Sathish diaries"
UCSfxFZFzcpYMbOB3A1rWHAg,https://www.youtube.com/channel/UCSfxFZFzcpYMbOB3A1rWHAg,"SlayyPop"
UCSnk8pP5cWxvToQl0-Mqf9A,https://www.youtube.com/channel/UCSnk8pP5cWxvToQl0-Mqf9A,"Platform7 by Binai Sankar"
UCTtj21pQvgoD38_uUlJXK9A,https://www.youtube.com/channel/UCTtj21pQvgoD38_uUlJXK9A,"Rupali Tyagi"
UCUSFHwVFp0QCGLv5EyOF2tg,https://www.youtube.com/channel/UCUSFHwVFp0QCGLv5EyOF2tg,"Nithya Mechanics"
UCU_YrpYbVb0Nhk6678AfBGQ,https://www.youtube.com/channel/UCU_YrpYbVb0Nhk6678AfBGQ,"Fly it Wright"
UCUrkOmXvcHOX4A1ratGe5Wg,https://www.youtube.com/channel/UCUrkOmXvcHOX4A1ratGe5Wg,"Soulful Revolution"
UCUxc0iEpV8wZV4WLOui0RwQ,https://www.youtube.com/channel/UCUxc0iEpV8wZV4WLOui0RwQ,"Gabriel Iglesias"
UCVUQ8qZUb7q4BKHSC3b-Nqw,https://www.youtube.com/channel/UCVUQ8qZUb7q4BKHSC3b-Nqw,"AERIONIC"
UCVWqt0xrp38kbma9h5MpO3g,https://www.youtube.com/channel/UCVWqt0xrp38kbma9h5MpO3g,"VJ Samayal To Lifestyle"
UCVZapV0958xAUsCctF_ED4w,https://www.youtube.com/channel/UCVZapV0958xAUsCctF_ED4w,"Shan Prasher"
UCVlGviwwdZuA75bFQ7y8XZg,https://www.youtube.com/channel/UCVlGviwwdZuA75bFQ7y8XZg,"My Viewpoint"
UCVv-y0k91qAA-uI_K46UBvg,https://www.youtube.com/channel/UCVv-y0k91qAA-uI_K46UBvg,"Dabble and Travel"
UCWFKCr40YwOZQx8FHU_ZqqQ,https://www.youtube.com/channel/UCWFKCr40YwOZQx8FHU_ZqqQ,"JerryRigEverything"
UCX6xUemZpeuXSqWM7szcadA,https://www.youtube.com/channel/UCX6xUemZpeuXSqWM7szcadA,"Couples Therapy Official"
UCXFZvm0_pzPmWUWAJJ5rDYA,https://www.youtube.com/channel/UCXFZvm0_pzPmWUWAJJ5rDYA,"VANGA PAZHAGALAM"
UCXXTf8_ZOkSpqSWxl2jjefw,https://www.youtube.com/channel/UCXXTf8_ZOkSpqSWxl2jjefw,"Soho Theatre"
UCXnpNj0KNL6xKFYcICbmHeQ,https://www.youtube.com/channel/UCXnpNj0KNL6xKFYcICbmHeQ,"Boeing Boy"
UCXtgyCnoA_Ul7eq21gynuAg,https://www.youtube.com/channel/UCXtgyCnoA_Ul7eq21gynuAg,"Moschuss"
UCXuqSBlHAE6Xw-yeJA0Tunw,https://www.youtube.com/channel/UCXuqSBlHAE6Xw-yeJA0Tunw,"Linus Tech Tips"
UCXzJGpk9CMcoIjhhbwEAvEg,https://www.youtube.com/channel/UCXzJGpk9CMcoIjhhbwEAvEg,"Shreya Rawat"
UCY1kMZp36IQSyNx_9h4mpCg,https://www.youtube.com/channel/UCY1kMZp36IQSyNx_9h4mpCg,"Mark Rober"
UCY6S78uy7ViTx5-Wc029oqA,https://www.youtube.com/channel/UCY6S78uy7ViTx5-Wc029oqA,"evam Standup Tamasha"
UCYNbYGl89UUowy8oXkipC-Q,https://www.youtube.com/channel/UCYNbYGl89UUowy8oXkipC-Q,"Dr. Becky"
UCYc_PiUYzGJMERtgL3tyJTw,https://www.youtube.com/channel/UCYc_PiUYzGJMERtgL3tyJTw,"Ruchi China to India"
UCYxezj89xof3XRLFqly20VA,https://www.youtube.com/channel/UCYxezj89xof3XRLFqly20VA,"Dr Pal & Priya (Tamil)"
UCZ4AMrDcNrfy3X6nsU8-rPg,https://www.youtube.com/channel/UCZ4AMrDcNrfy3X6nsU8-rPg,"Economics Explained"
UCZrs37HbHMGLMtz6pUuWeSA,https://www.youtube.com/channel/UCZrs37HbHMGLMtz6pUuWeSA,"Tamil Nostalgia"
UC_BrkoB_8x7QVHdrIWy7nMQ,https://www.youtube.com/channel/UC_BrkoB_8x7QVHdrIWy7nMQ,"Mathan's Journey"
UC_gSotrFVZ_PiAxo3fTQVuQ,https://www.youtube.com/channel/UC_gSotrFVZ_PiAxo3fTQVuQ,"Magnus Midtbø"
UC_iUeUzozCHEReJ-shKcCYA,https://www.youtube.com/channel/UC_iUeUzozCHEReJ-shKcCYA,"Internet Anarchist"
UCaWv5hdWKJeuLrPAbISnssg,https://www.youtube.com/channel/UCaWv5hdWKJeuLrPAbISnssg,"JP Motion Pictures"
UCaqcvH8EvUtePORpN03jLMg,https://www.youtube.com/channel/UCaqcvH8EvUtePORpN03jLMg,"Intelligence Squared"
UCb1Ti1WKPauPpXkYKVHNpsw,https://www.youtube.com/channel/UCb1Ti1WKPauPpXkYKVHNpsw,"LBC"
UCbaAyXYMnbQu0BGGPbvxHsw,https://www.youtube.com/channel/UCbaAyXYMnbQu0BGGPbvxHsw,"Chris Boden"
UCbq544I2cTyvcrZwmnSIj9Q,https://www.youtube.com/channel/UCbq544I2cTyvcrZwmnSIj9Q,"Plip Plip"
UCc8AuEDxwSWFQP8ti0xfEJg,https://www.youtube.com/channel/UCc8AuEDxwSWFQP8ti0xfEJg,"Dr. Sabarinath Ravichandar"
UCc9k-GSEeOkA_VlwhWfi0_A,https://www.youtube.com/channel/UCc9k-GSEeOkA_VlwhWfi0_A,"rjsrishtii5 "
UCcyq283he07B7_KUX07mmtA,https://www.youtube.com/channel/UCcyq283he07B7_KUX07mmtA,"Business Insider"
UCd5Os4gT74gxngzUYqGUzzg,https://www.youtube.com/channel/UCd5Os4gT74gxngzUYqGUzzg,"Suraj Kumar"
UCdNdq31oz-Gcfcce5ueMR2Q,https://www.youtube.com/channel/UCdNdq31oz-Gcfcce5ueMR2Q,"Ganesha Astrohelp Understand Astrology"
UCdvR0U-oCIoIlpSSErO8A5w,https://www.youtube.com/channel/UCdvR0U-oCIoIlpSSErO8A5w,"Tamanna Sharma"
UCe6ye3l9WA4SdNkqgs0YeMA,https://www.youtube.com/channel/UCe6ye3l9WA4SdNkqgs0YeMA,"QI"
UCeCN-B9Q-6011cE3nx5CtNA,https://www.youtube.com/channel/UCeCN-B9Q-6011cE3nx5CtNA,"Canadian Trucker Couple"
UCenxjWEkb0Sv67vejOgZ3Tg,https://www.youtube.com/channel/UCenxjWEkb0Sv67vejOgZ3Tg,"Open to Debate"
UCevQIQJht1iUyI9c5ELZ8RA,https://www.youtube.com/channel/UCevQIQJht1iUyI9c5ELZ8RA,"Kee and Kha - Vlogs"
UCf4YizfEQiftTFR4qbvb5Qw,https://www.youtube.com/channel/UCf4YizfEQiftTFR4qbvb5Qw,"Ladykracher"
UCf9BO33b-MnIxB5y0azrxmg,https://www.youtube.com/channel/UCf9BO33b-MnIxB5y0azrxmg,"Jimmy Carr"
UCfk4Df9QxO267wlFbStSyAw,https://www.youtube.com/channel/UCfk4Df9QxO267wlFbStSyAw,"Boxoffice Movie Scenes"
UCfp_KL9fMARFv7STuZswogA,https://www.youtube.com/channel/UCfp_KL9fMARFv7STuZswogA,"KL With TN"
UCfxFsg2KOpgXq2GiEb2Vk0A,https://www.youtube.com/channel/UCfxFsg2KOpgXq2GiEb2Vk0A,"INDIAN IN RUSSIA "
UCgbzclo4Mfy_D68w_Bm_xHg,https://www.youtube.com/channel/UCgbzclo4Mfy_D68w_Bm_xHg,"Tried&Refused Productions."
UCgilhqoyZrXV2EBlaaAtVaw,https://www.youtube.com/channel/UCgilhqoyZrXV2EBlaaAtVaw,"Nomadic Indian"
UCgtNWWCk8QhqK-pvFbn-wLw,https://www.youtube.com/channel/UCgtNWWCk8QhqK-pvFbn-wLw,"Lavanya Dheepan"
UCh_GQqobenO55IJ9sYZWndA,https://www.youtube.com/channel/UCh_GQqobenO55IJ9sYZWndA,"SRF Kultur Sternstunden"
UChirEOpgFCupRAk5etXqPaA,https://www.youtube.com/channel/UChirEOpgFCupRAk5etXqPaA,"Bloomberg News"
UChuHXx5Yursi4D1JdIU93XA,https://www.youtube.com/channel/UChuHXx5Yursi4D1JdIU93XA,"Siva Cinemas "
UCi7piZmMfCPsM7RwXk-WTIg,https://www.youtube.com/channel/UCi7piZmMfCPsM7RwXk-WTIg,"Empty Hand Shorts"
UCieoX2aGYzzxKXk5i57zPcQ,https://www.youtube.com/channel/UCieoX2aGYzzxKXk5i57zPcQ,"WINGSANDRAILS"
UCijh2e0C7L4haTJIvgLzRXA,https://www.youtube.com/channel/UCijh2e0C7L4haTJIvgLzRXA,"First Tamil"
UCixD9UbKvDxzGNiPC_fgHyA,https://www.youtube.com/channel/UCixD9UbKvDxzGNiPC_fgHyA,"Paolo fromTOKYO"
UCj7ADiT-RzESYpAd90OeEKA,https://www.youtube.com/channel/UCj7ADiT-RzESYpAd90OeEKA,"DarrenLevyOfficial"
UCjZFrboJBq8HJzPKzQeiVlQ,https://www.youtube.com/channel/UCjZFrboJBq8HJzPKzQeiVlQ,"Shalini Haridoss"
UCjzcAEdtPjSo3hRrhVnVaQg,https://www.youtube.com/channel/UCjzcAEdtPjSo3hRrhVnVaQg,"MySpass Classics"
UCk4T7MXQI5_UP2Vr-Dk-RiA,https://www.youtube.com/channel/UCk4T7MXQI5_UP2Vr-Dk-RiA,"Moon Trendz"
UCk579PPZcfzD0I0vyXQFttA,https://www.youtube.com/channel/UCk579PPZcfzD0I0vyXQFttA,"Lorry Diaries "
UCk7L0Sp0oxeODKuSMQ7aQqg,https://www.youtube.com/channel/UCk7L0Sp0oxeODKuSMQ7aQqg,"Honestly Saying Podcast"
UCkDwexrF43p_1QurfKFBCBA,https://www.youtube.com/channel/UCkDwexrF43p_1QurfKFBCBA,"Sailing Doodles"
UCkQef3Fidr7tm3gNuXgGKPw,https://www.youtube.com/channel/UCkQef3Fidr7tm3gNuXgGKPw,"BIG JET TV"
UCkRiPY0hPYZh96RQShizu6w,https://www.youtube.com/channel/UCkRiPY0hPYZh96RQShizu6w,"Jetting Julia"
UClIpxKAC9kaOgjexqrvan9g,https://www.youtube.com/channel/UClIpxKAC9kaOgjexqrvan9g,"wheelsongenius"
UClZbmi9JzfnB2CEb0fG8iew,https://www.youtube.com/channel/UClZbmi9JzfnB2CEb0fG8iew,"Primal Space"
UCmCcSVGNZ4x8ZMbWDBhbIAA,https://www.youtube.com/channel/UCmCcSVGNZ4x8ZMbWDBhbIAA,"Off Angle by Aaditya Iyengar"
UCmyPr7TbvE9ycl9PL-UiA5A,https://www.youtube.com/channel/UCmyPr7TbvE9ycl9PL-UiA5A,"Indiahikes"
UCn7vLnvEI4N6CoM2e4XXbtA,https://www.youtube.com/channel/UCn7vLnvEI4N6CoM2e4XXbtA,"Zahera"
UCo10yRzepDzIt7B7w2wnM1Q,https://www.youtube.com/channel/UCo10yRzepDzIt7B7w2wnM1Q,"Prashasti Singh"
UCoAkOJtcToS0piLQMO-W4uw,https://www.youtube.com/channel/UCoAkOJtcToS0piLQMO-W4uw,"Atul Khatri"
UCoCbt0YNJL4_MtIo6Lg1ybA,https://www.youtube.com/channel/UCoCbt0YNJL4_MtIo6Lg1ybA,"Traya Health"
UCoFiap7J9HtmcILlLESpW2g,https://www.youtube.com/channel/UCoFiap7J9HtmcILlLESpW2g,"Namaste Kohei"
UCoPifNGnfskLkAiJq0qxQaA,https://www.youtube.com/channel/UCoPifNGnfskLkAiJq0qxQaA,"Railu Prayanam"
UCoqGJPtvsPpALlhtqB1lcHA,https://www.youtube.com/channel/UCoqGJPtvsPpALlhtqB1lcHA,"Chris Lewis"
UCoukDPjrBTbDqBlosrV3qOw,https://www.youtube.com/channel/UCoukDPjrBTbDqBlosrV3qOw,"Terror Twin "
UCovVc-qqwYp8oqwO3Sdzx7w,https://www.youtube.com/channel/UCovVc-qqwYp8oqwO3Sdzx7w,"74 Gear"
UCp2e-KuXG1cwkb1KrcEYYrQ,https://www.youtube.com/channel/UCp2e-KuXG1cwkb1KrcEYYrQ,"TOMAR THE EXPLORER"
UCpVm7bg6pXKo1Pr6k5kxG9A,https://www.youtube.com/channel/UCpVm7bg6pXKo1Pr6k5kxG9A,"National Geographic"
UCpa-Zb0ZcQjTCPP1Dx_1M8Q,https://www.youtube.com/channel/UCpa-Zb0ZcQjTCPP1Dx_1M8Q,"LegalEagle"
UCphEo21J3_rev7hVg-kHAOQ,https://www.youtube.com/channel/UCphEo21J3_rev7hVg-kHAOQ,"Ryan Unfiltered"
UCphTF9wHwhCt-BzIq-s4V-g,https://www.youtube.com/channel/UCphTF9wHwhCt-BzIq-s4V-g,"What If"
UCphqjYZxxzjNbONVmY-0J7Q,https://www.youtube.com/channel/UCphqjYZxxzjNbONVmY-0J7Q,"blancolirio"
UCpuqYFKLkcEryEieomiAv3Q,https://www.youtube.com/channel/UCpuqYFKLkcEryEieomiAv3Q,"Therapy in a Nutshell"
UCqBgIIiRCx2a8665eAXf2gw,https://www.youtube.com/channel/UCqBgIIiRCx2a8665eAXf2gw,"Jagan krishnan"
UCqZQJ4600a9wIfMPbYc60OQ,https://www.youtube.com/channel/UCqZQJ4600a9wIfMPbYc60OQ,"Sabin Civil Engineering"
UCqf-C-dxAFNWKYZG61PYn8A,https://www.youtube.com/channel/UCqf-C-dxAFNWKYZG61PYn8A,"Vibe with Karthik"
UCqhBwbWSZWi_wueVDYK3a5Q,https://www.youtube.com/channel/UCqhBwbWSZWi_wueVDYK3a5Q,"Jessica Marchi"
UCqkrHC2Rt6LXbxarIF1GQQA,https://www.youtube.com/channel/UCqkrHC2Rt6LXbxarIF1GQQA,"vera sweeney"
UCqnbDFdCpuN8CMEg0VuEBqA,https://www.youtube.com/channel/UCqnbDFdCpuN8CMEg0VuEBqA,"The New York Times"
UCr0XW6TU9XVWlWPpEwEyf3g,https://www.youtube.com/channel/UCr0XW6TU9XVWlWPpEwEyf3g,"JAMARI"
UCromZ2GyARy5SNeH-3VFqzw,https://www.youtube.com/channel/UCromZ2GyARy5SNeH-3VFqzw,"JinsamoYebo"
UCsTY_yPMJWO438JgvfXZlKg,https://www.youtube.com/channel/UCsTY_yPMJWO438JgvfXZlKg,"Paw Media Tamil "
UCsXVk37bltHxD1rDPwtNM8Q,https://www.youtube.com/channel/UCsXVk37bltHxD1rDPwtNM8Q,"Kurzgesagt – In a Nutshell"
UCsykY6wbhmr7CV-zUoqLkug,https://www.youtube.com/channel/UCsykY6wbhmr7CV-zUoqLkug,"Our American Dream"
UCtAXJ4DNpshfVjLIMq9pIRw,https://www.youtube.com/channel/UCtAXJ4DNpshfVjLIMq9pIRw,"Rohit & Kanupriya"
UCtCzgBYlAcO05gQAT605Nng,https://www.youtube.com/channel/UCtCzgBYlAcO05gQAT605Nng,"Health Dollar"
UCtMVHI3AJD4Qk4hcbZnI9ZQ,https://www.youtube.com/channel/UCtMVHI3AJD4Qk4hcbZnI9ZQ,"SomeOrdinaryGamers"
UCtgGOdTlM-NdJ9rPKIYN8UQ,https://www.youtube.com/channel/UCtgGOdTlM-NdJ9rPKIYN8UQ,"Slayy Point"
UCu1aSs2qmjySrt_HkEmblvQ,https://www.youtube.com/channel/UCu1aSs2qmjySrt_HkEmblvQ,"The Comedy Factory"
UCuEi61790Pnm-sIRZZj1YPg,https://www.youtube.com/channel/UCuEi61790Pnm-sIRZZj1YPg,"Moni&Mapla Kadhal Cuts "
UCueYcgdqos0_PzNOq81zAFg,https://www.youtube.com/channel/UCueYcgdqos0_PzNOq81zAFg,"Parithabangal"
UCuedf_fJVrOppky5gl3U6QQ,https://www.youtube.com/channel/UCuedf_fJVrOppky5gl3U6QQ,"VASAviation -"
UCuzzuTQH0FTqNg2LGT8QS0Q,https://www.youtube.com/channel/UCuzzuTQH0FTqNg2LGT8QS0Q,"Mrs Eats"
UCv9vCS6Jon3BQTgn83vD7vA,https://www.youtube.com/channel/UCv9vCS6Jon3BQTgn83vD7vA,"Ontop_truckers"
UCvdnX4xRyt3oTW4et446_Ow,https://www.youtube.com/channel/UCvdnX4xRyt3oTW4et446_Ow,"Aditi Mittal"
UCw8PmxZJxTsem5nb6TcB23g,https://www.youtube.com/channel/UCw8PmxZJxTsem5nb6TcB23g,"Wing it with Smita"
UCwZBK4UDWlh4966pdX4JBjQ,https://www.youtube.com/channel/UCwZBK4UDWlh4966pdX4JBjQ,"Pooja Kashyap"
UCx6xmIOXqnQ79ZI6VVpARXw,https://www.youtube.com/channel/UCx6xmIOXqnQ79ZI6VVpARXw,"Top Gear Classic"
UCxPXcReyAQwlbFVHBdvZz_g,https://www.youtube.com/channel/UCxPXcReyAQwlbFVHBdvZz_g,"ramkumarcomic"
UCxoz4YfS4M3H3C57FD4jW4Q,https://www.youtube.com/channel/UCxoz4YfS4M3H3C57FD4jW4Q,"Science Time"
UCxtr9ztHV7SjsyNylvzEKng,https://www.youtube.com/channel/UCxtr9ztHV7SjsyNylvzEKng,"Make Travel Easy"
UCyGR5vfdIzNj6VRY13nzO-g,https://www.youtube.com/channel/UCyGR5vfdIzNj6VRY13nzO-g,"Ravi Gupta"
UCzHJie29XpO_3IPH5Z5fJMA,https://www.youtube.com/channel/UCzHJie29XpO_3IPH5Z5fJMA,"Ryan Mitchell"
UCz0HITWbcUYEHi3TZXTyFrw,https://www.youtube.com/channel/UCz0HITWbcUYEHi3TZXTyFrw,"CLR Bruce Rivers"
UCvYSNIBgdaYYgdwvWYBmckA,https://www.youtube.com/channel/UCvYSNIBgdaYYgdwvWYBmckA,"Begin Again with Davina McCall"
UCHzsN38dQG9iax7W6RAjQMg,https://www.youtube.com/channel/UCHzsN38dQG9iax7W6RAjQMg,"Arasiyal Arasan"
UC1XrG1M_hw8103zO2x-oivg,https://www.youtube.com/channel/UC1XrG1M_hw8103zO2x-oivg,"Galileo"
UC4w1YQAJMWOz4qtxinq55LQ,https://www.youtube.com/channel/UC4w1YQAJMWOz4qtxinq55LQ,"Level1Techs"
UCBDE8npirjBEg0HK0a2Yj_w,https://www.youtube.com/channel/UCBDE8npirjBEg0HK0a2Yj_w,"Arnav Rao"
UCJBprhMtYfZ1ftVw9IOmspA,https://www.youtube.com/channel/UCJBprhMtYfZ1ftVw9IOmspA,"Shashi Dhiman"
UCMZrx8wtMlG9rwyugDgRr5g,https://www.youtube.com/channel/UCMZrx8wtMlG9rwyugDgRr5g,"Fly With Stella"
UCO5uk6do3VZatdNxNZDfN4g,https://www.youtube.com/channel/UCO5uk6do3VZatdNxNZDfN4g,"Ramya Ramapriya"
UCPJIJCsG8w2q4Ea-Q74sqiA,https://www.youtube.com/channel/UCPJIJCsG8w2q4Ea-Q74sqiA,"FlyWithAGuy"
UCQDLUu_qgkVUPDZsfQPxLNQ,https://www.youtube.com/channel/UCQDLUu_qgkVUPDZsfQPxLNQ,"Shreeja Chaturvedi"
UCVLN0tY51ewH44wUtx3YZTA,https://www.youtube.com/channel/UCVLN0tY51ewH44wUtx3YZTA,"Tech Spurt"
UC_x5XG1OV2P6uZZ5FSM9Ttw,https://www.youtube.com/channel/UC_x5XG1OV2P6uZZ5FSM9Ttw,"Google for Developers"
UCi8cCe02oSGS21lHrAcjogA,https://www.youtube.com/channel/UCi8cCe02oSGS21lHrAcjogA,"Abishek Kumar"
UCkHgegL2XiXSlwY5zeCKKyg,https://www.youtube.com/channel/UCkHgegL2XiXSlwY5zeCKKyg,"Chrome Unboxed"
UCkaSFi0vjiSI0eao5jS9AZQ,https://www.youtube.com/channel/UCkaSFi0vjiSI0eao5jS9AZQ,"ViVaHD"
UCllSh_d1Brc9PLypjhm1_YA,https://www.youtube.com/channel/UCllSh_d1Brc9PLypjhm1_YA,"Swati Sachdeva"
UCozzzuW5NojGwtAFWO41sYA,https://www.youtube.com/channel/UCozzzuW5NojGwtAFWO41sYA,"Twinkle Anand"
UCqECaJ8Gagnn7YCbPEzWH6g,https://www.youtube.com/channel/UCqECaJ8Gagnn7YCbPEzWH6g,"Taylor Swift"
UCtM5z2gkrGRuWd0JQMx76qA,https://www.youtube.com/channel/UCtM5z2gkrGRuWd0JQMx76qA,"bigclivedotcom"
UCPXnayBvF7ynbG_I3VOTgIg,https://www.youtube.com/channel/UCPXnayBvF7ynbG_I3VOTgIg,"ISKCON Bangalore"
UC2TXq_t06Hjdr2g_KdKpHQg,https://www.youtube.com/channel/UC2TXq_t06Hjdr2g_KdKpHQg,"media.ccc.de"
UC6E6CgKiRlUxwmEW1Sd9_vQ,https://www.youtube.com/channel/UC6E6CgKiRlUxwmEW1Sd9_vQ,"Raunaq Rajani"
UC6me-RzbQFQ-kRyr6BlGZWg,https://www.youtube.com/channel/UC6me-RzbQFQ-kRyr6BlGZWg,"Paul E.T."
UC7Jwj9fkrf1adN4fMmTkpug,https://www.youtube.com/channel/UC7Jwj9fkrf1adN4fMmTkpug,"DankPods"
UCbmNph6atAoGfqLoCL_duAg,https://www.youtube.com/channel/UCbmNph6atAoGfqLoCL_duAg,"Talks at Google"
UCCSwT73HNmbASR7ItGeOH6Q,https://www.youtube.com/channel/UCCSwT73HNmbASR7ItGeOH6Q,"SRI SANKARA TV"
UCctbi1Jw2jiVhj2ogdwiFdA,https://www.youtube.com/channel/UCctbi1Jw2jiVhj2ogdwiFdA,"Kinderlieder zum Mitsingen und Bewegen"
UCeqKIgPQfNInOswGRWt48kQ,https://www.youtube.com/channel/UCeqKIgPQfNInOswGRWt48kQ,"ZDFheute Nachrichten"
UCFOfgEQLHpPuVNP_m-XldTg,https://www.youtube.com/channel/UCFOfgEQLHpPuVNP_m-XldTg,"FilmStack"
UCftwRNsjfRo08xYE31tkiyw,https://www.youtube.com/channel/UCftwRNsjfRo08xYE31tkiyw,"WIRED"
UCH3NyccoVmX0O6Bp3dlyqdw,https://www.youtube.com/channel/UCH3NyccoVmX0O6Bp3dlyqdw,"Mr. Phone"
UChnRk6mxWsSOGElm8phdSxw,https://www.youtube.com/channel/UChnRk6mxWsSOGElm8phdSxw,"Simon Roper"
UChtEvBpe2GQkVzzxvMLLUHA,https://www.youtube.com/channel/UChtEvBpe2GQkVzzxvMLLUHA,"AP International"
UCi0xGoehWGgllOmvil8pmug,https://www.youtube.com/channel/UCi0xGoehWGgllOmvil8pmug,"Matilda 🍓"
UCi8e0iOVk1fEOogdfu4YgfA,https://www.youtube.com/channel/UCi8e0iOVk1fEOogdfu4YgfA,"Rotten Tomatoes Trailers"
UCItP3QP5QpfBROWY2zSarQg,https://www.youtube.com/channel/UCItP3QP5QpfBROWY2zSarQg,"Rakesh & Jeni 2.0"
UCix7HIJ74fUDlHDkAAcyRPA,https://www.youtube.com/channel/UCix7HIJ74fUDlHDkAAcyRPA,"Gogi Tech"
UCJvDEmKLft6F2MxhuNUMwag,https://www.youtube.com/channel/UCJvDEmKLft6F2MxhuNUMwag,"LegalBytes"
UCK7tptUDHh-RYDsdxO1-5QQ,https://www.youtube.com/channel/UCK7tptUDHh-RYDsdxO1-5QQ,"The Wall Street Journal"
UCmEkuR8DaO2m0sx0ZgCcvlg,https://www.youtube.com/channel/UCmEkuR8DaO2m0sx0ZgCcvlg,"LaptopMedia"
UCP1AejCL4DA7jYkZAELRhHQ,https://www.youtube.com/channel/UCP1AejCL4DA7jYkZAELRhHQ,"World War Two"
UCq4xfqZCp6yt0Q_GcHY9AZg,https://www.youtube.com/channel/UCq4xfqZCp6yt0Q_GcHY9AZg,"Patrick Tomasso"
UCQDhxkSxZA6lxdeXE19aoRA,https://www.youtube.com/channel/UCQDhxkSxZA6lxdeXE19aoRA,"Hugh Jeffreys"
UCQhqmV26773qZhzqJz4VFcw,https://www.youtube.com/channel/UCQhqmV26773qZhzqJz4VFcw,"Homemade Wanderlust"
UCqO44-HEAi8epbX-xQcoCGA,https://www.youtube.com/channel/UCqO44-HEAi8epbX-xQcoCGA,"Kielux"
UCRhzmriNRfJNLIGYzAJgagA,https://www.youtube.com/channel/UCRhzmriNRfJNLIGYzAJgagA,"seerasan"
UCs7nPQIEba0T3tGOWWsZpJQ,https://www.youtube.com/channel/UCs7nPQIEba0T3tGOWWsZpJQ,"Like Stories of Old"
UCTG_vrRdKYfrpqCv_WV4eyA,https://www.youtube.com/channel/UCTG_vrRdKYfrpqCv_WV4eyA,"Ten Minute Physics"
UCTSRIY3GLFYIpkR2QwyeklA,https://www.youtube.com/channel/UCTSRIY3GLFYIpkR2QwyeklA,"Drew Gooden"
UCT_yBgKSiwb3WP4ACPnF5nA,https://www.youtube.com/channel/UCT_yBgKSiwb3WP4ACPnF5nA,"What's Going on With Shipping?"
UCUyadJkID-aiiY3bdzZ5Aeg,https://www.youtube.com/channel/UCUyadJkID-aiiY3bdzZ5Aeg,"Adventures Gone Wrong"
UCUZzyuAlhHNP3oiuMjn7RfQ,https://www.youtube.com/channel/UCUZzyuAlhHNP3oiuMjn7RfQ,"Kitchen Nightmares"
UCV66hp0qxx2Xq273N0bo7uQ,https://www.youtube.com/channel/UCV66hp0qxx2Xq273N0bo7uQ,"Rena Malik, M.D."
UCxuKjwIEJzrsGOzsWmI5OfQ,https://www.youtube.com/channel/UCxuKjwIEJzrsGOzsWmI5OfQ,"Girly"
UCxzC4EngIsMrPmbm6Nxvb-A,https://www.youtube.com/channel/UCxzC4EngIsMrPmbm6Nxvb-A,"Scott Manley"
UCYxXLB0CSh9_5Jn2KsEkc6w,https://www.youtube.com/channel/UCYxXLB0CSh9_5Jn2KsEkc6w,"Nidhi Chaudhary"
UCze3O_sf707ztd_ndhZ57Pw,https://www.youtube.com/channel/UCze3O_sf707ztd_ndhZ57Pw,"Botschaft von Kanada in Deutschland"
UC0r8LqyA5qccr2qB7Fgnttg,https://www.youtube.com/channel/UC0r8LqyA5qccr2qB7Fgnttg,"TV Calibration with Darko"
UCYgL81lc7DOLNhnel1_J6Vg,https://www.youtube.com/channel/UCYgL81lc7DOLNhnel1_J6Vg,"Math and Science"
UCVHxhFaQEjEDo71ziz6thYQ,https://www.youtube.com/channel/UCVHxhFaQEjEDo71ziz6thYQ,"Everest.Live_YT"
UCaGq1UaTNEFZnBy_ZkKBUxw,https://www.youtube.com/channel/UCaGq1UaTNEFZnBy_ZkKBUxw,"Dr. Maika Steinborn"
UCNHtOfAm1dk7E3kWWtc1jFw,https://www.youtube.com/channel/UCNHtOfAm1dk7E3kWWtc1jFw,"Tamil Film Junction"
UCnOfl8ZOfBPkYTdXXt4Jj9Q,https://www.youtube.com/channel/UCnOfl8ZOfBPkYTdXXt4Jj9Q,"RJS Cinemas"
UCd460WUL4835Jd7OCEKfUcA,https://www.youtube.com/channel/UCd460WUL4835Jd7OCEKfUcA,"Star Music India"
UCGm-2itp14AkpbyB_vkFpyA,https://www.youtube.com/channel/UCGm-2itp14AkpbyB_vkFpyA,"SUPER SUN"
UCVnDvvuIuK1SssuQpRQicjA,https://www.youtube.com/channel/UCVnDvvuIuK1SssuQpRQicjA,"Migrants Base"
UCjYytthv7DKx7xzKCQLOeDw,https://www.youtube.com/channel/UCjYytthv7DKx7xzKCQLOeDw,"Malar Vanam - மலர் வனம்"
UCtIAiFvz6wwQeu3QVPDs_rw,https://www.youtube.com/channel/UCtIAiFvz6wwQeu3QVPDs_rw,"NonStopTamilMovies"
UC9Qixc77KhCo88E5muxUjmA,https://www.youtube.com/channel/UC9Qixc77KhCo88E5muxUjmA,"DoctorRamani"
UCEk3e_XGyNnqwK2ZlxH7fEA,https://www.youtube.com/channel/UCEk3e_XGyNnqwK2ZlxH7fEA,"Everest Mystery "
UCjOT5dLJUc60HFJiphmFh1g,https://www.youtube.com/channel/UCjOT5dLJUc60HFJiphmFh1g,"Social Talkies"
UCkAGrHCLFmlK3H2kd6isipg,https://www.youtube.com/channel/UCkAGrHCLFmlK3H2kd6isipg,"Mr Bean"
UCoMdktPbSTixAyNGwb-UYkQ,https://www.youtube.com/channel/UCoMdktPbSTixAyNGwb-UYkQ,"Sky News"
UCGxFttw6iXx7DRYAnvNIU2g,https://www.youtube.com/channel/UCGxFttw6iXx7DRYAnvNIU2g," SONU JE VLOGS"
UCNG_elgqo2nJ86Y17op-f8Q,https://www.youtube.com/channel/UCNG_elgqo2nJ86Y17op-f8Q,"Rakesh 7742"
UCR1Pl0WXom6d6e6b_eNpMAQ,https://www.youtube.com/channel/UCR1Pl0WXom6d6e6b_eNpMAQ,"Bandita Drive"
UCLEvg5517iXvw2h5dt--4uA,https://www.youtube.com/channel/UCLEvg5517iXvw2h5dt--4uA,"NL01 kundan "
UC18_TGwkn4ut20ayMxCf1kA,https://www.youtube.com/channel/UC18_TGwkn4ut20ayMxCf1kA,"NL01 Kundan Vlog"
UCWhkIAl6FG9gTkQz17v4vfQ,https://www.youtube.com/channel/UCWhkIAl6FG9gTkQz17v4vfQ,"Andrea Burkhart"
UCI3-XP3j7F3QBYqJNIMK-ZA,https://www.youtube.com/channel/UCI3-XP3j7F3QBYqJNIMK-ZA,"April Faith"
UCdjkxkpJ2ZaM0kSsAdYHY0A,https://www.youtube.com/channel/UCdjkxkpJ2ZaM0kSsAdYHY0A,"Berlin Tamil Couple _ Vivek & Pavi"
UCC_0vyFTKk1Nlodo4QsiQkw,https://www.youtube.com/channel/UCC_0vyFTKk1Nlodo4QsiQkw,"Dr. Todd Grande"
UCMTFcOaJlwRjVNoSoS9D2Vg,https://www.youtube.com/channel/UCMTFcOaJlwRjVNoSoS9D2Vg,"Girl Truck Routine"
UCHVwXSaSPbzRFUtLRtR0ttA,https://www.youtube.com/channel/UCHVwXSaSPbzRFUtLRtR0ttA,"Jemma Warren"
UCtHm9ai5zSb-yfRnnUBopAg,https://www.youtube.com/channel/UCtHm9ai5zSb-yfRnnUBopAg,"Just Josh"
UCXXZgehRtbz2Fopk9iioZfQ,https://www.youtube.com/channel/UCXXZgehRtbz2Fopk9iioZfQ,"Lawyer Lee"
UCxAHSAOfe4wZozc2jYK9NAw,https://www.youtube.com/channel/UCxAHSAOfe4wZozc2jYK9NAw,"Lawyer You Know"
UCOWcZ6Wicl-1N34H0zZe38w,https://www.youtube.com/channel/UCOWcZ6Wicl-1N34H0zZe38w,"Level1Linux"
UCdChIMYVjgWZ0VBUiAG_Whg,https://www.youtube.com/channel/UCdChIMYVjgWZ0VBUiAG_Whg,"MadCatster"
UCKv2iOXG1gVPcods1dYCgtw,https://www.youtube.com/channel/UCKv2iOXG1gVPcods1dYCgtw,"Medical Assistance 24*7"
UChW1GcuwkEa-KCOnGPo-EeQ,https://www.youtube.com/channel/UChW1GcuwkEa-KCOnGPo-EeQ,"MindVoyz"
UCtso4djOl7oE8GenmbGdQ_A,https://www.youtube.com/channel/UCtso4djOl7oE8GenmbGdQ_A,"Misty Marris"
UC7lLa4YIWIs2YrGzUBlF3qQ,https://www.youtube.com/channel/UC7lLa4YIWIs2YrGzUBlF3qQ,"N C Railway"
UC-hzoAk2bSnoqW0LmECa5WA,https://www.youtube.com/channel/UC-hzoAk2bSnoqW0LmECa5WA,"Our Stories"
UCq6VFHwMzcMXbuKyG7SQYIg,https://www.youtube.com/channel/UCq6VFHwMzcMXbuKyG7SQYIg,"penguinz0"
UCj-Xm8j6WBgKY8OG7s9r2vQ,https://www.youtube.com/channel/UCj-Xm8j6WBgKY8OG7s9r2vQ,"RailCowGirl"
UCntxLNjL5mc7_JS1FusM9hw,https://www.youtube.com/channel/UCntxLNjL5mc7_JS1FusM9hw,"Railway wala Chinku"
UCjwmbv6NE4mOh8Z8VhPUx1Q,https://www.youtube.com/channel/UCjwmbv6NE4mOh8Z8VhPUx1Q,"Rosanna Pansino"
UCKhK5Ysw9DpHNNEVSAu0yIA,https://www.youtube.com/channel/UCKhK5Ysw9DpHNNEVSAu0yIA,"Ryan Is Driving"
UCDD0oCEBu0yKT3zhXI7gmZQ,https://www.youtube.com/channel/UCDD0oCEBu0yKT3zhXI7gmZQ,"Table Manners Podcast"
UCHQ4lSaKRap5HyrpitrTOhQ,https://www.youtube.com/channel/UCHQ4lSaKRap5HyrpitrTOhQ,"Thais Gibson - Personal Development School"
UC9xkc8dWgBsFfC7DOJfJLFg,https://www.youtube.com/channel/UC9xkc8dWgBsFfC7DOJfJLFg,"The 92nd Street Y, New York"
UCIvrrLDLHfGxgfc7CgIGUfg,https://www.youtube.com/channel/UCIvrrLDLHfGxgfc7CgIGUfg,"The Decoder"
UC7pGyYaOMsJv1tlPNBgAG2Q,https://www.youtube.com/channel/UC7pGyYaOMsJv1tlPNBgAG2Q,"The Emily Show"
UCq1PfWV2cOPjpiYtGt-Q7-A,https://www.youtube.com/channel/UCq1PfWV2cOPjpiYtGt-Q7-A,"தற்சார்புத்தமிழன்"
UCN_fPscrDees2Bu3VtULzUw,https://www.youtube.com/channel/UCN_fPscrDees2Bu3VtULzUw,"ashonreels"
UCnetiRHPnIMBCm-yY4m69qA,https://www.youtube.com/channel/UCnetiRHPnIMBCm-yY4m69qA,"Dashcam Lessons"
UC9G41C-n9_TsGlSEXj7Oafg,https://www.youtube.com/channel/UC9G41C-n9_TsGlSEXj7Oafg,"Indian Trucking Vlog"
UC77ICsNRTtnIbRxl6GquxwQ,https://www.youtube.com/channel/UC77ICsNRTtnIbRxl6GquxwQ,"Madhurika Devi Dasi"
UCHHDHda5iEG7gz1s2LQpqQw,https://www.youtube.com/channel/UCHHDHda5iEG7gz1s2LQpqQw,"Travel with Subhajit 2.0"
UCU37gnTrfe73yvOapnTPbTw,https://www.youtube.com/channel/UCU37gnTrfe73yvOapnTPbTw,"Weekly dose of Top Gear"
UCgVFjaQBsdOEFpSbi7RbL2w,https://www.youtube.com/channel/UCgVFjaQBsdOEFpSbi7RbL2w,"Devki Kiran"
UCTBceyd3K3FaVR7SQvjVqvg,https://www.youtube.com/channel/UCTBceyd3K3FaVR7SQvjVqvg,"Desi on Cloud"
UCH2JqKGG397wHLI1wz4hQQA,https://www.youtube.com/channel/UCH2JqKGG397wHLI1wz4hQQA,"Kuwait Tamil Driver"
UC0PKBxOQK8rV3eMGhk72WlA,https://www.youtube.com/channel/UC0PKBxOQK8rV3eMGhk72WlA,"Neha Gopal Thakur"
UC0R1rCTm02X8ccQAH_vg7bQ,https://www.youtube.com/channel/UC0R1rCTm02X8ccQAH_vg7bQ,"Subhani Rishi"
UC0tNCVM7edElcwFliGeb0HA,https://www.youtube.com/channel/UC0tNCVM7edElcwFliGeb0HA,"Ashwin's vox"
UC16niRr50-MSBwiO3YDb3RA,https://www.youtube.com/channel/UC16niRr50-MSBwiO3YDb3RA,"BBC News"
UC392Vl4TNo9wQ865kcTFhJQ,https://www.youtube.com/channel/UC392Vl4TNo9wQ865kcTFhJQ,"Travel Light Mel"
UC3nm9BcJ9KxjCT-e3XeQ1XQ,https://www.youtube.com/channel/UC3nm9BcJ9KxjCT-e3XeQ1XQ,"Naveen Kumar"
UC4jKmgzOm1N9soN4PF6CifA,https://www.youtube.com/channel/UC4jKmgzOm1N9soN4PF6CifA,"Abhiraami Tharun"
UC65XjOZRGlsNmzWmX5fK6WA,https://www.youtube.com/channel/UC65XjOZRGlsNmzWmX5fK6WA,"last bench legend"
UC6biysICWOJ-C3P4Tyeggzg,https://www.youtube.com/channel/UC6biysICWOJ-C3P4Tyeggzg,"Low Level"
UC8TikOjFoYElzb8ILaXTyfg,https://www.youtube.com/channel/UC8TikOjFoYElzb8ILaXTyfg,"Abhasa - Mental Health"
UC8bTQzxgvKkXDAaWkeuUlkg,https://www.youtube.com/channel/UC8bTQzxgvKkXDAaWkeuUlkg,"Trevor Noah"
UC8obYNZ1iRQMB4gbe61aOKQ,https://www.youtube.com/channel/UC8obYNZ1iRQMB4gbe61aOKQ,"Comedy Live"
UCCJl6Bxb1s_2L6yqs2jlzFg,https://www.youtube.com/channel/UCCJl6Bxb1s_2L6yqs2jlzFg,"Foodies findings"
UCEX22USixwsPTxoVyctgVAw,https://www.youtube.com/channel/UCEX22USixwsPTxoVyctgVAw,"Capt. Jinal Patel "
UCFT_CAnc_fXBlxWBT4minsw,https://www.youtube.com/channel/UCFT_CAnc_fXBlxWBT4minsw,"DVDFilmBonus"
UCFj5HES0-944pC-tjA16XqQ,https://www.youtube.com/channel/UCFj5HES0-944pC-tjA16XqQ,"Travel + Leisure"
UCG7J20LhUeLl6y_Emi7OJrA,https://www.youtube.com/channel/UCG7J20LhUeLl6y_Emi7OJrA,"The Studio"
UCGzWUYdt2-FCYslp5CQLdYQ,https://www.youtube.com/channel/UCGzWUYdt2-FCYslp5CQLdYQ,"THE LIFE OF AK"
UCGznz4NfW5iymkvn1l40qyA,https://www.youtube.com/channel/UCGznz4NfW5iymkvn1l40qyA,"Simon Squibb"
UCI-OsPO5r1-dcJL0OO9Ehcw,https://www.youtube.com/channel/UCI-OsPO5r1-dcJL0OO9Ehcw,"the blueprint"
UCK52YVXeOePcpAHSXbwhEDw,https://www.youtube.com/channel/UCK52YVXeOePcpAHSXbwhEDw,"Positive Pulse"
UCKzGvLUbnijwWMnLtV3aARQ,https://www.youtube.com/channel/UCKzGvLUbnijwWMnLtV3aARQ,"Bawaal lyrics"
UCM-yC80AnuFwLBU9tWKunhA,https://www.youtube.com/channel/UCM-yC80AnuFwLBU9tWKunhA,"Sathish Deepa"
UCMh3v4KOrtoDKziO9d2qAHg,https://www.youtube.com/channel/UCMh3v4KOrtoDKziO9d2qAHg,"Agirlandadoodle"
UCNI3pLQ1XNSuAgF_oHM9Bfg,https://www.youtube.com/channel/UCNI3pLQ1XNSuAgF_oHM9Bfg,"truckeroak"
UCNTDbOZ4ANigFskI7o5Wyrw,https://www.youtube.com/channel/UCNTDbOZ4ANigFskI7o5Wyrw,"EDWIN RAMU"
UCNhErZxM5tsdmb9fZvRSXzA,https://www.youtube.com/channel/UCNhErZxM5tsdmb9fZvRSXzA,"Nithi's Lifelens"
UCO7oJs9vrfYIN_rDYjlN7Ig,https://www.youtube.com/channel/UCO7oJs9vrfYIN_rDYjlN7Ig,"Ultra Cinema"
UCOoLtwdXiueFQ83uBtfx7MQ,https://www.youtube.com/channel/UCOoLtwdXiueFQ83uBtfx7MQ,"The Blogger Bee"
UCQQCfk3TNxd19kTs5Ta2rhQ,https://www.youtube.com/channel/UCQQCfk3TNxd19kTs5Ta2rhQ,"Sail with Sakthi"
UCR-DXc1voovS8nhAvccRZhg,https://www.youtube.com/channel/UCR-DXc1voovS8nhAvccRZhg,"Jeff Geerling"
UCR9md7CvNeB9YYGbSPebzwA,https://www.youtube.com/channel/UCR9md7CvNeB9YYGbSPebzwA,"Heart Starts Pounding w/ Kaelyn Moore"
UCSrZ3UV4jOidv8ppoVuvW9Q,https://www.youtube.com/channel/UCSrZ3UV4jOidv8ppoVuvW9Q,"euronews"
UCTk9yzZAXir64WOpXt5DosA,https://www.youtube.com/channel/UCTk9yzZAXir64WOpXt5DosA,"Family Traveler அமெரிக்க VLOGS"
UCUGU-nxcsq1bND7lZ6slKow,https://www.youtube.com/channel/UCUGU-nxcsq1bND7lZ6slKow,"Comedy Mirage"
UCWPYKCWAN2errDQYLArq53Q,https://www.youtube.com/channel/UCWPYKCWAN2errDQYLArq53Q,"MYTHU VLOGS"
UCWtX5B2WX5ulq4KMHqe7S1A,https://www.youtube.com/channel/UCWtX5B2WX5ulq4KMHqe7S1A,"HappyLifeCanada"
UCYIEv9W7RmdpvFkHX7IEmyg,https://www.youtube.com/channel/UCYIEv9W7RmdpvFkHX7IEmyg,"Taylor Tomlinson"
UCYzOASzUvwpWQbsu4cUf-Ug,https://www.youtube.com/channel/UCYzOASzUvwpWQbsu4cUf-Ug,"Snowwolf Jku"
UCZ1Dz9ZNDH47Dj9t9K2b2iw,https://www.youtube.com/channel/UCZ1Dz9ZNDH47Dj9t9K2b2iw,"Amruthaabishek Series"
UCarLoHXb8akOVdDKXZwg0xQ,https://www.youtube.com/channel/UCarLoHXb8akOVdDKXZwg0xQ,"Papitha Saravanan - Aberdeen ,Scotland 🏴󠁧󠁢󠁳󠁣󠁴󠁿 "
UCbgehWcPum2AZNVCxjqcQMw,https://www.youtube.com/channel/UCbgehWcPum2AZNVCxjqcQMw,"Rob Brydon"
UCd_gs3oxdn7p0cSMBpotKFw,https://www.youtube.com/channel/UCd_gs3oxdn7p0cSMBpotKFw,"Bunty Collocks"
UCeYy3kNtk_vhVSxZhi1WGJw,https://www.youtube.com/channel/UCeYy3kNtk_vhVSxZhi1WGJw,"Would I Lie To You?"
UCeePZlkGvXAAmIO8nuyS3bQ,https://www.youtube.com/channel/UCeePZlkGvXAAmIO8nuyS3bQ,"Choosing Yourself"
UCfX55Sx5hEFjoC3cNs6mCUQ,https://www.youtube.com/channel/UCfX55Sx5hEFjoC3cNs6mCUQ,"The Linux Foundation"
UCj76hoPHYKHzsXmZRGa7Xig,https://www.youtube.com/channel/UCj76hoPHYKHzsXmZRGa7Xig,"Factual Anil in Actual US"
UCjZC9-Ym0UNMxqgcDX4Q0dg,https://www.youtube.com/channel/UCjZC9-Ym0UNMxqgcDX4Q0dg,"Doctor Arunkumar"
UCjdvPP6bIMctgtP4fa7XXvA,https://www.youtube.com/channel/UCjdvPP6bIMctgtP4fa7XXvA,"Outstanding Screenplays"
UCkjU7gp3N2mSz8uLGJMdEJQ,https://www.youtube.com/channel/UCkjU7gp3N2mSz8uLGJMdEJQ,"High Altitude Guide Nepal "
UCknLrEdhRCp1aegoMqRaCZg,https://www.youtube.com/channel/UCknLrEdhRCp1aegoMqRaCZg,"DW News"
UCl-LG4uSrNgYLfKpLcZLM1g,https://www.youtube.com/channel/UCl-LG4uSrNgYLfKpLcZLM1g,"The Rider_75"
UClquaPiQMZONlNe11K2ekrg,https://www.youtube.com/channel/UClquaPiQMZONlNe11K2ekrg,"Lucydopolis Moto Adventures"
UCmFQ4kzh6HzKmMppLX-cfFw,https://www.youtube.com/channel/UCmFQ4kzh6HzKmMppLX-cfFw,"Decoding,Darkness "
UCmK2dDcxgwKLvJY0BS05Y_w,https://www.youtube.com/channel/UCmK2dDcxgwKLvJY0BS05Y_w,"Namma Japan"
UCmxiW2uuSaEfrVd09Z9UKJQ,https://www.youtube.com/channel/UCmxiW2uuSaEfrVd09Z9UKJQ,"Boston Tamil Sagothari"
UCp_jbSj7zcQxLezB0uJ-fWw,https://www.youtube.com/channel/UCp_jbSj7zcQxLezB0uJ-fWw,"Atsuko Okatsuka"
UCqGmdRJwlAgjDgg-v-rXFJg,https://www.youtube.com/channel/UCqGmdRJwlAgjDgg-v-rXFJg,"Dharshini_LondonDiaries"
UCqTSG1c_Pvf1MyWG_rUhBMQ,https://www.youtube.com/channel/UCqTSG1c_Pvf1MyWG_rUhBMQ,"America's Lifestyle With RJ"
UCqq3PZwp8Ob8_jN0esCunIw,https://www.youtube.com/channel/UCqq3PZwp8Ob8_jN0esCunIw,"Just For Laughs"
UCrN4qQLvl2vxEwLnGsYdV4A,https://www.youtube.com/channel/UCrN4qQLvl2vxEwLnGsYdV4A,"Letscurryit"
UCsX5upzW0Tk2riDY1WB887w,https://www.youtube.com/channel/UCsX5upzW0Tk2riDY1WB887w,"Hannah Fry"
UCuYXFp1bVtsAlmUpjXEsdoQ,https://www.youtube.com/channel/UCuYXFp1bVtsAlmUpjXEsdoQ,"Xtine Cardenas"
UCv8WIZ1YJfL17V6yVzqQoNQ,https://www.youtube.com/channel/UCv8WIZ1YJfL17V6yVzqQoNQ,"CoffeeMilk Family"
UCvnq3GtSKCHDroU-E1TBxTw,https://www.youtube.com/channel/UCvnq3GtSKCHDroU-E1TBxTw,"London Tamil Bro"
UCvqbFHwN-nwalWPjPUKpvTA,https://www.youtube.com/channel/UCvqbFHwN-nwalWPjPUKpvTA,"CNCF [Cloud Native Computing Foundation]"
UCwpHKudUkP5tNgmMdexB3ow,https://www.youtube.com/channel/UCwpHKudUkP5tNgmMdexB3ow,"Mentour Pilot"
UCxKeeQBM_odin5NLK7xT6Bw,https://www.youtube.com/channel/UCxKeeQBM_odin5NLK7xT6Bw,"Lucii "
UCxec_VgCE-5DUZ8MocKbEdg,https://www.youtube.com/channel/UCxec_VgCE-5DUZ8MocKbEdg,"ARD Marktcheck"
UCyMB0jurT4cWqP5BtQBDMKQ,https://www.youtube.com/channel/UCyMB0jurT4cWqP5BtQBDMKQ,"Melanie Bracewell"
UCyTEDyBAI_vfVdcM-yZm6NQ,https://www.youtube.com/channel/UCyTEDyBAI_vfVdcM-yZm6NQ,"itsginayall21"
UCz4geqN2YY6gktLikAKMvlw,https://www.youtube.com/channel/UCz4geqN2YY6gktLikAKMvlw,"RTINGS Audio"
UC52X5wxOL_s5yw0dQk7NtgA,https://www.youtube.com/channel/UC52X5wxOL_s5yw0dQk7NtgA,"Associated Press"
UCLiAWvpRFtNiVOu6OyEfmDA,https://www.youtube.com/channel/UCLiAWvpRFtNiVOu6OyEfmDA,"Nicholas Garofola"
UCo8m48sD5KnnJMKbckbtpyQ,https://www.youtube.com/channel/UCo8m48sD5KnnJMKbckbtpyQ,"Transit bites"
UCu8EnxxpwL536N6qcP85YOQ,https://www.youtube.com/channel/UCu8EnxxpwL536N6qcP85YOQ,"R Rajesh Vlogs"

